{"x":1.2000000476837159,"y":1.0,"z":-29.421520233154298}
{"x":1.2000000476837159,"y":1.0,"z":-46.432373046875}
{"x":1.2000000476837159,"y":1.0,"z":-56.870460510253909}
{"x":1.2000000476837159,"y":1.0,"z":-63.3077278137207}
{"x":1.2000000476837159,"y":1.0,"z":-73.83597564697266}
{"x":1.2000000476837159,"y":1.0,"z":-80.22706604003906}
{"x":1.2000000476837159,"y":1.0,"z":-96.80049133300781}
{"x":1.2000000476837159,"y":1.0,"z":-99.01698303222656}
{"x":1.2000000476837159,"y":1.0,"z":-107.46205139160156}
{"x":1.2000000476837159,"y":1.0,"z":-113.74304962158203}
{"x":1.2000000476837159,"y":1.0,"z":-117.99730682373047}
