{"x":-1.2000000476837159,"y":1.0,"z":-22.275226593017579}
{"x":-1.2000000476837159,"y":1.0,"z":-38.18817138671875}
{"x":-1.2000000476837159,"y":1.0,"z":-55.077354431152347}
{"x":-1.2000000476837159,"y":1.0,"z":-65.26018524169922}
{"x":-1.2000000476837159,"y":1.0,"z":-71.82308959960938}
{"x":-1.2000000476837159,"y":1.0,"z":-82.27438354492188}
{"x":-1.2000000476837159,"y":1.0,"z":-88.74557495117188}
{"x":-1.2000000476837159,"y":1.0,"z":-90.95265197753906}
{"x":-1.2000000476837159,"y":1.0,"z":-105.66648864746094}
{"x":-1.2000000476837159,"y":1.0,"z":-115.71759033203125}
{"x":-1.2000000476837159,"y":1.0,"z":-120.16035461425781}
