{"x":1.2000000476837159,"y":1.0,"z":-17.442697525024415}
{"x":1.2000000476837159,"y":1.0,"z":-19.112913131713868}
{"x":1.2000000476837159,"y":1.0,"z":-20.971569061279298}
{"x":1.2000000476837159,"y":1.0,"z":-22.82444190979004}
{"x":1.2000000476837159,"y":1.0,"z":-28.608694076538087}
{"x":1.2000000476837159,"y":1.0,"z":-32.39762878417969}
{"x":1.2000000476837159,"y":1.0,"z":-34.19081497192383}
{"x":1.2000000476837159,"y":1.0,"z":-36.06819152832031}
{"x":1.2000000476837159,"y":1.0,"z":-39.68690490722656}
{"x":1.2000000476837159,"y":1.0,"z":-45.32231140136719}
{"x":1.2000000476837159,"y":1.0,"z":-54.82318115234375}
{"x":1.2000000476837159,"y":1.0,"z":-55.788639068603519}
{"x":1.2000000476837159,"y":1.0,"z":-56.643585205078128}
{"x":1.2000000476837159,"y":1.0,"z":-58.500396728515628}
{"x":1.2000000476837159,"y":1.0,"z":-59.366127014160159}
{"x":1.2000000476837159,"y":1.0,"z":-60.54707717895508}
{"x":1.2000000476837159,"y":1.0,"z":-64.16264343261719}
{"x":1.2000000476837159,"y":1.0,"z":-67.05133819580078}
{"x":1.2000000476837159,"y":1.0,"z":-69.82833099365235}
{"x":1.2000000476837159,"y":1.0,"z":-73.21954345703125}
{"x":1.2000000476837159,"y":1.0,"z":-75.69141387939453}
{"x":1.2000000476837159,"y":1.0,"z":-77.70198059082031}
{"x":1.2000000476837159,"y":1.0,"z":-79.24122619628906}
{"x":1.2000000476837159,"y":1.0,"z":-81.2554931640625}
{"x":1.2000000476837159,"y":1.0,"z":-82.12191772460938}
{"x":1.2000000476837159,"y":1.0,"z":-83.14313507080078}
{"x":1.2000000476837159,"y":1.0,"z":-88.23605346679688}
{"x":1.2000000476837159,"y":1.0,"z":-90.23641967773438}
{"x":1.2000000476837159,"y":1.0,"z":-91.95011138916016}
{"x":1.2000000476837159,"y":1.0,"z":-106.72958374023438}
{"x":1.2000000476837159,"y":1.0,"z":-109.47650146484375}
{"x":1.2000000476837159,"y":1.0,"z":-113.31510162353516}
{"x":1.2000000476837159,"y":1.0,"z":-117.09272003173828}
{"x":1.2000000476837159,"y":1.0,"z":-121.06473541259766}
{"x":1.2000000476837159,"y":1.0,"z":-124.49234008789063}
{"x":1.2000000476837159,"y":1.0,"z":-126.50386047363281}
{"x":1.2000000476837159,"y":1.0,"z":-127.3407974243164}
{"x":1.2000000476837159,"y":1.0,"z":-130.3158416748047}
{"x":1.2000000476837159,"y":1.0,"z":-131.10919189453126}
{"x":1.2000000476837159,"y":1.0,"z":-134.1472930908203}
{"x":1.2000000476837159,"y":1.0,"z":-134.95289611816407}
{"x":1.2000000476837159,"y":1.0,"z":-137.12109375}
{"x":1.2000000476837159,"y":1.0,"z":-141.37149047851563}
{"x":1.2000000476837159,"y":1.0,"z":-143.6249542236328}
{"x":1.2000000476837159,"y":1.0,"z":-145.4175262451172}
{"x":1.2000000476837159,"y":1.0,"z":-146.27850341796876}
{"x":1.2000000476837159,"y":1.0,"z":-149.41787719726563}
{"x":1.2000000476837159,"y":1.0,"z":-152.15988159179688}
{"x":1.2000000476837159,"y":1.0,"z":-156.6090545654297}
{"x":1.2000000476837159,"y":1.0,"z":-158.75704956054688}
{"x":1.2000000476837159,"y":1.0,"z":-162.59628295898438}
{"x":1.2000000476837159,"y":1.0,"z":-166.1899871826172}
{"x":1.2000000476837159,"y":1.0,"z":-168.32383728027345}
{"x":1.2000000476837159,"y":1.0,"z":-169.8902130126953}
{"x":1.2000000476837159,"y":1.0,"z":-172.5777130126953}
{"x":1.2000000476837159,"y":1.0,"z":-175.7469024658203}
{"x":1.2000000476837159,"y":1.0,"z":-176.55209350585938}
{"x":1.2000000476837159,"y":1.0,"z":-177.53884887695313}
{"x":1.2000000476837159,"y":1.0,"z":-180.28372192382813}
{"x":1.2000000476837159,"y":1.0,"z":-183.05300903320313}
{"x":1.2000000476837159,"y":1.0,"z":-186.9525146484375}
{"x":1.2000000476837159,"y":1.0,"z":-190.88815307617188}
{"x":1.2000000476837159,"y":1.0,"z":-192.8691864013672}
{"x":1.2000000476837159,"y":1.0,"z":-194.9557342529297}
{"x":1.2000000476837159,"y":1.0,"z":-196.7084503173828}
{"x":1.2000000476837159,"y":1.0,"z":-207.15863037109376}
{"x":1.2000000476837159,"y":1.0,"z":-209.5042724609375}
{"x":1.2000000476837159,"y":1.0,"z":-211.67974853515626}
{"x":1.2000000476837159,"y":1.0,"z":-213.798583984375}
{"x":1.2000000476837159,"y":1.0,"z":-215.49021911621095}
{"x":1.2000000476837159,"y":1.0,"z":-217.5161590576172}
{"x":1.2000000476837159,"y":1.0,"z":-218.44107055664063}
{"x":1.2000000476837159,"y":1.0,"z":-219.29922485351563}
{"x":1.2000000476837159,"y":1.0,"z":-221.05880737304688}
{"x":1.2000000476837159,"y":1.0,"z":-223.11199951171876}
{"x":1.2000000476837159,"y":1.0,"z":-225.628173828125}
{"x":1.2000000476837159,"y":1.0,"z":-227.64566040039063}
{"x":1.2000000476837159,"y":1.0,"z":-236.87367248535157}
{"x":1.2000000476837159,"y":1.0,"z":-241.9656524658203}
{"x":1.2000000476837159,"y":1.0,"z":-245.10873413085938}
{"x":1.2000000476837159,"y":1.0,"z":-249.34092712402345}
{"x":1.2000000476837159,"y":1.0,"z":-251.49209594726563}
{"x":1.2000000476837159,"y":1.0,"z":-252.26065063476563}
{"x":1.2000000476837159,"y":1.0,"z":-253.19647216796876}
{"x":1.2000000476837159,"y":1.0,"z":-257.6457214355469}
{"x":1.2000000476837159,"y":1.0,"z":-260.58563232421877}
{"x":1.2000000476837159,"y":1.0,"z":-264.55657958984377}
{"x":1.2000000476837159,"y":1.0,"z":-269.8309326171875}
{"x":1.2000000476837159,"y":1.0,"z":-271.4565734863281}
{"x":1.2000000476837159,"y":1.0,"z":-272.3593444824219}
{"x":1.2000000476837159,"y":1.0,"z":-275.6563720703125}
{"x":1.2000000476837159,"y":1.0,"z":-278.4994812011719}
{"x":1.2000000476837159,"y":1.0,"z":-279.154296875}
{"x":1.2000000476837159,"y":1.0,"z":-281.70538330078127}
{"x":1.2000000476837159,"y":1.0,"z":-282.50067138671877}
{"x":1.2000000476837159,"y":1.0,"z":-283.4632263183594}
{"x":1.2000000476837159,"y":1.0,"z":-287.4764709472656}
{"x":1.2000000476837159,"y":1.0,"z":-289.4747009277344}
{"x":1.2000000476837159,"y":1.0,"z":-290.3058166503906}
{"x":1.2000000476837159,"y":1.0,"z":-291.0097351074219}
{"x":1.2000000476837159,"y":1.0,"z":-297.4416198730469}
{"x":1.2000000476837159,"y":1.0,"z":-300.21563720703127}
{"x":1.2000000476837159,"y":1.0,"z":-302.30950927734377}
{"x":1.2000000476837159,"y":1.0,"z":-304.2588806152344}
{"x":1.2000000476837159,"y":1.0,"z":-306.0560302734375}
{"x":1.2000000476837159,"y":1.0,"z":-307.9486083984375}
{"x":1.2000000476837159,"y":1.0,"z":-308.7134094238281}
{"x":1.2000000476837159,"y":1.0,"z":-310.9694519042969}
{"x":1.2000000476837159,"y":1.0,"z":-313.05828857421877}
{"x":1.2000000476837159,"y":1.0,"z":-315.09344482421877}
{"x":1.2000000476837159,"y":1.0,"z":-319.58673095703127}
{"x":1.2000000476837159,"y":1.0,"z":-322.9678649902344}
{"x":1.2000000476837159,"y":1.0,"z":-325.7685852050781}
{"x":1.2000000476837159,"y":1.0,"z":-330.2408447265625}
{"x":1.2000000476837159,"y":1.0,"z":-331.0416564941406}
{"x":1.2000000476837159,"y":1.0,"z":-331.8496398925781}
{"x":1.2000000476837159,"y":1.0,"z":-332.68572998046877}
{"x":1.2000000476837159,"y":1.0,"z":-334.6648864746094}
{"x":1.2000000476837159,"y":1.0,"z":-336.2912292480469}
{"x":1.2000000476837159,"y":1.0,"z":-338.08544921875}
{"x":1.2000000476837159,"y":1.0,"z":-338.92578125}
{"x":1.2000000476837159,"y":1.0,"z":-339.4673156738281}
{"x":1.2000000476837159,"y":1.0,"z":-341.9006652832031}
{"x":1.2000000476837159,"y":1.0,"z":-343.4634094238281}
{"x":1.2000000476837159,"y":1.0,"z":-344.012451171875}
{"x":1.2000000476837159,"y":1.0,"z":-349.6458435058594}
{"x":1.2000000476837159,"y":1.0,"z":-353.1527404785156}
{"x":1.2000000476837159,"y":1.0,"z":-353.88958740234377}
{"x":1.2000000476837159,"y":1.0,"z":-354.65667724609377}
{"x":1.2000000476837159,"y":1.0,"z":-355.23504638671877}
{"x":1.2000000476837159,"y":1.0,"z":-358.85052490234377}
{"x":1.2000000476837159,"y":1.0,"z":-362.7584533691406}
{"x":1.2000000476837159,"y":1.0,"z":-364.8350524902344}
{"x":1.2000000476837159,"y":1.0,"z":-368.4840087890625}
