{"x":-1.2000000476837159,"y":1.0,"z":-24.717222213745118}
{"x":-1.2000000476837159,"y":1.0,"z":-26.53667449951172}
{"x":-1.2000000476837159,"y":1.0,"z":-30.441476821899415}
{"x":-1.2000000476837159,"y":1.0,"z":-37.82920455932617}
{"x":-1.2000000476837159,"y":1.0,"z":-41.60396194458008}
{"x":-1.2000000476837159,"y":1.0,"z":-43.432159423828128}
{"x":-1.2000000476837159,"y":1.0,"z":-47.39622116088867}
{"x":-1.2000000476837159,"y":1.0,"z":-49.090641021728519}
{"x":-1.2000000476837159,"y":1.0,"z":-51.0539436340332}
{"x":-1.2000000476837159,"y":1.0,"z":-51.91341018676758}
{"x":-1.2000000476837159,"y":1.0,"z":-52.93164825439453}
{"x":-1.2000000476837159,"y":1.0,"z":-62.403682708740237}
{"x":-1.2000000476837159,"y":1.0,"z":-65.99298858642578}
{"x":-1.2000000476837159,"y":1.0,"z":-68.10116577148438}
{"x":-1.2000000476837159,"y":1.0,"z":-70.8851089477539}
{"x":-1.2000000476837159,"y":1.0,"z":-71.74945068359375}
{"x":-1.2000000476837159,"y":1.0,"z":-74.60128784179688}
{"x":-1.2000000476837159,"y":1.0,"z":-76.67536926269531}
{"x":-1.2000000476837159,"y":1.0,"z":-85.02684020996094}
{"x":-1.2000000476837159,"y":1.0,"z":-87.17596435546875}
{"x":-1.2000000476837159,"y":1.0,"z":-89.22560119628906}
{"x":-1.2000000476837159,"y":1.0,"z":-91.13618469238281}
{"x":-1.2000000476837159,"y":1.0,"z":-93.04017639160156}
{"x":-1.2000000476837159,"y":1.0,"z":-94.31283569335938}
{"x":-1.2000000476837159,"y":1.0,"z":-96.29999542236328}
{"x":-1.2000000476837159,"y":1.0,"z":-97.09423065185547}
{"x":-1.2000000476837159,"y":1.0,"z":-98.27549743652344}
{"x":-1.2000000476837159,"y":1.0,"z":-100.19908905029297}
{"x":-1.2000000476837159,"y":1.0,"z":-101.03207397460938}
{"x":-1.2000000476837159,"y":1.0,"z":-102.01715850830078}
{"x":-1.2000000476837159,"y":1.0,"z":-103.85143280029297}
{"x":-1.2000000476837159,"y":1.0,"z":-104.64596557617188}
{"x":-1.2000000476837159,"y":1.0,"z":-105.47610473632813}
{"x":-1.2000000476837159,"y":1.0,"z":-107.82135772705078}
{"x":-1.2000000476837159,"y":1.0,"z":-111.01620483398438}
{"x":-1.2000000476837159,"y":1.0,"z":-111.880615234375}
{"x":-1.2000000476837159,"y":1.0,"z":-115.077880859375}
{"x":-1.2000000476837159,"y":1.0,"z":-116.04547119140625}
{"x":-1.2000000476837159,"y":1.0,"z":-118.82005310058594}
{"x":-1.2000000476837159,"y":1.0,"z":-119.74533081054688}
{"x":-1.2000000476837159,"y":1.0,"z":-122.65701293945313}
{"x":-1.2000000476837159,"y":1.0,"z":-128.45375061035157}
{"x":-1.2000000476837159,"y":1.0,"z":-132.39187622070313}
{"x":-1.2000000476837159,"y":1.0,"z":-136.16616821289063}
{"x":-1.2000000476837159,"y":1.0,"z":-138.2207489013672}
{"x":-1.2000000476837159,"y":1.0,"z":-139.7821807861328}
{"x":-1.2000000476837159,"y":1.0,"z":-142.47865295410157}
{"x":-1.2000000476837159,"y":1.0,"z":-148.0390625}
{"x":-1.2000000476837159,"y":1.0,"z":-150.4719696044922}
{"x":-1.2000000476837159,"y":1.0,"z":-151.27845764160157}
{"x":-1.2000000476837159,"y":1.0,"z":-153.2616424560547}
{"x":-1.2000000476837159,"y":1.0,"z":-154.79202270507813}
{"x":-1.2000000476837159,"y":1.0,"z":-157.73397827148438}
{"x":-1.2000000476837159,"y":1.0,"z":-160.5547332763672}
{"x":-1.2000000476837159,"y":1.0,"z":-161.4168701171875}
{"x":-1.2000000476837159,"y":1.0,"z":-164.0669708251953}
{"x":-1.2000000476837159,"y":1.0,"z":-164.94110107421876}
{"x":-1.2000000476837159,"y":1.0,"z":-167.1815948486328}
{"x":-1.2000000476837159,"y":1.0,"z":-171.64813232421876}
{"x":-1.2000000476837159,"y":1.0,"z":-173.92332458496095}
{"x":-1.2000000476837159,"y":1.0,"z":-179.32534790039063}
{"x":-1.2000000476837159,"y":1.0,"z":-181.31446838378907}
{"x":-1.2000000476837159,"y":1.0,"z":-184.96826171875}
{"x":-1.2000000476837159,"y":1.0,"z":-188.962890625}
{"x":-1.2000000476837159,"y":1.0,"z":-198.69940185546876}
{"x":-1.2000000476837159,"y":1.0,"z":-200.4551544189453}
{"x":-1.2000000476837159,"y":1.0,"z":-202.4753875732422}
{"x":-1.2000000476837159,"y":1.0,"z":-204.2903289794922}
{"x":-1.2000000476837159,"y":1.0,"z":-206.12010192871095}
{"x":-1.2000000476837159,"y":1.0,"z":-208.1973419189453}
{"x":-1.2000000476837159,"y":1.0,"z":-210.54945373535157}
{"x":-1.2000000476837159,"y":1.0,"z":-212.69973754882813}
{"x":-1.2000000476837159,"y":1.0,"z":-222.276123046875}
{"x":-1.2000000476837159,"y":1.0,"z":-226.72215270996095}
{"x":-1.2000000476837159,"y":1.0,"z":-228.83966064453126}
{"x":-1.2000000476837159,"y":1.0,"z":-230.4644012451172}
{"x":-1.2000000476837159,"y":1.0,"z":-232.41744995117188}
{"x":-1.2000000476837159,"y":1.0,"z":-233.31396484375}
{"x":-1.2000000476837159,"y":1.0,"z":-234.4011993408203}
{"x":-1.2000000476837159,"y":1.0,"z":-236.06813049316407}
{"x":-1.2000000476837159,"y":1.0,"z":-238.1204376220703}
{"x":-1.2000000476837159,"y":1.0,"z":-240.00816345214845}
{"x":-1.2000000476837159,"y":1.0,"z":-243.8156280517578}
{"x":-1.2000000476837159,"y":1.0,"z":-246.01788330078126}
{"x":-1.2000000476837159,"y":1.0,"z":-248.27395629882813}
{"x":-1.2000000476837159,"y":1.0,"z":-250.3139190673828}
{"x":-1.2000000476837159,"y":1.0,"z":-254.86163330078126}
{"x":-1.2000000476837159,"y":1.0,"z":-255.59774780273438}
{"x":-1.2000000476837159,"y":1.0,"z":-256.70989990234377}
{"x":-1.2000000476837159,"y":1.0,"z":-258.9856262207031}
{"x":-1.2000000476837159,"y":1.0,"z":-262.43524169921877}
{"x":-1.2000000476837159,"y":1.0,"z":-263.3344421386719}
{"x":-1.2000000476837159,"y":1.0,"z":-266.3406677246094}
{"x":-1.2000000476837159,"y":1.0,"z":-267.2448425292969}
{"x":-1.2000000476837159,"y":1.0,"z":-268.3913269042969}
{"x":-1.2000000476837159,"y":1.0,"z":-274.024658203125}
{"x":-1.2000000476837159,"y":1.0,"z":-277.56671142578127}
{"x":-1.2000000476837159,"y":1.0,"z":-280.1682434082031}
{"x":-1.2000000476837159,"y":1.0,"z":-285.0065612792969}
{"x":-1.2000000476837159,"y":1.0,"z":-285.77154541015627}
{"x":-1.2000000476837159,"y":1.0,"z":-286.62249755859377}
{"x":-1.2000000476837159,"y":1.0,"z":-288.4273681640625}
{"x":-1.2000000476837159,"y":1.0,"z":-292.77630615234377}
{"x":-1.2000000476837159,"y":1.0,"z":-293.60931396484377}
{"x":-1.2000000476837159,"y":1.0,"z":-294.63201904296877}
{"x":-1.2000000476837159,"y":1.0,"z":-296.5774230957031}
{"x":-1.2000000476837159,"y":1.0,"z":-298.6944885253906}
{"x":-1.2000000476837159,"y":1.0,"z":-301.1576843261719}
{"x":-1.2000000476837159,"y":1.0,"z":-309.92010498046877}
{"x":-1.2000000476837159,"y":1.0,"z":-312.00518798828127}
{"x":-1.2000000476837159,"y":1.0,"z":-316.0065612792969}
{"x":-1.2000000476837159,"y":1.0,"z":-316.8962707519531}
{"x":-1.2000000476837159,"y":1.0,"z":-317.8249206542969}
{"x":-1.2000000476837159,"y":1.0,"z":-318.4367980957031}
{"x":-1.2000000476837159,"y":1.0,"z":-321.2206726074219}
{"x":-1.2000000476837159,"y":1.0,"z":-323.9055480957031}
{"x":-1.2000000476837159,"y":1.0,"z":-324.6746826171875}
{"x":-1.2000000476837159,"y":1.0,"z":-327.3300476074219}
{"x":-1.2000000476837159,"y":1.0,"z":-328.9310607910156}
{"x":-1.2000000476837159,"y":1.0,"z":-333.67236328125}
{"x":-1.2000000476837159,"y":1.0,"z":-340.49072265625}
{"x":-1.2000000476837159,"y":1.0,"z":-345.573974609375}
{"x":-1.2000000476837159,"y":1.0,"z":-346.3457946777344}
{"x":-1.2000000476837159,"y":1.0,"z":-347.69305419921877}
{"x":-1.2000000476837159,"y":1.0,"z":-351.30718994140627}
{"x":-1.2000000476837159,"y":1.0,"z":-356.9708251953125}
{"x":-1.2000000476837159,"y":1.0,"z":-360.74212646484377}
{"x":-1.2000000476837159,"y":1.0,"z":-361.66943359375}
{"x":-1.2000000476837159,"y":1.0,"z":-363.7827453613281}
{"x":-1.2000000476837159,"y":1.0,"z":-366.63226318359377}
